,A,A,A,,
,【英語】,【日本語】,宮原1,,調和性
1,I select the gift to my friends individually.,私は、それぞれの友人にぴったりの贈り物を選ぶ。,個別化,,コミュニケーション
2,I like to get along with those whom are foresighted.,私は、未来志向の人と交流するのが好きである。,未来志向,,共感性
3,I hope that everyone likes me.,私は、誰からも好かれたい。,包含,,包含
4,I strive to be first.,私は、一番になるように、全力を尽くす。,競争性,,個別化
5,I always work hard.,私は、いつも一生懸命やってきた。,責任感,,親密性
6,I am able to think about my specialties carefully.,私は、自分の得意なことについて考える。,最上志向(?),,責任感
7,I am very sentimental.,私は、繊細な人間である。,共感性,,指令性
8,I understand others' personality.,私は、一人一人と向き合って、相手を知る。,個別化,,競争性
9,To talk to people initiatively makes me embarrassed.,会話の糸口を見つけるには、努力がいる。,慎重さ,,成長促進
10,I feel very good about my life.,人生をすばらしいものと感じている。,運命思考,,ポジティブ
11,I prefer to team work.,私は、チーム・プレイヤー(協調性が高いこと)である。,コミュニケーション,,最上志向
12,I make people feel that they are important to me.,私は、その人が私にとって大切な人間であると感じさせることができる。,親密性,,社交性
13,My opinion of humanity leads me in life.,信念が私の人生の活力となっている。,信念,,達成欲
14,When someone's friend can make me feel satisfied.,私は、友達を作ることに満足を感じる。,社交性,,活発性
15,I am systematic and to go as planned.,私は、順序に従うのが好きである。,規律性,,信念
16,I focus on being brought up.,私は、成長のために全力を尽くす。,最上志向,,自我
17,I want my life balanced.,私は、バランスのとれた生活を送りたい。,公平性,,規律性
18,I talk about my vision for the future several times in a day.,私は、毎日、将来のビジョンについて何度も話す。,未来志向,,適応性
19,I make people excited.,私は、人をワクワクさせることができる。,未来志向,,目標志向
20,"Once I make a decision, I excute immidiately.",一度決断したら必ず行動を起こす。,活発性,,回復志向
21,I spend more time than people do to achieve the target.,私は、他の多くの人よりも、自分の成し遂げたいことに集中できる。,達成欲,,自己確信
22,"I think there is no coincidence in the world, there's a reason for everything.",私は、偶然を信じない。全ての出来事には理由がある。,原点思考,,分析思考
23,I am good at talking.,私は、会話が上手である。,コミュニケーション,,アレンジ
24,I like to praise people.,私は、人をほめたり、表彰することが好きである。,成長促進,,慎重さ
25,I like competitions.,私は、競争が好きである。,競争性,,運命思考
26,I get my feet back on the ground and ask expert for direction.,私は、非常に実際的な考え方をする人間であり、上手に専門家の助けを借りて正しい答を見つける,回復志向,,公平性
27,I am energatic and full of joy.,私は、生き生きとしており、喜びに溢れている。,ポジティブ,,未来志向
28,I want to a president of a company.,私は、大組織の最高経営責任者になりたい。,自我,,着想
29,I sometimes force others.,私は、ときどき、人を怖じ気づかせてしまう。,指令性,,収集心
30,I put myself in others' shoes and realize how they feel.,私は、その人の立場になって、その直面している状況を理解することができる。,共感性,,内省
31,I urge people to success.,私は、人が成功するよう、働きかける。,成長促進,,学習欲
32,I am carefree.,私は、心配ごとにこだわらない人間である。,ポジティブ,,原点思考
33,I like to do things with people.,私は、できるだけたくさんの人と一緒に物事をするのが好きである。,包含,,戦略性
34,I apply experiences from the eighties to learn about future.,私は、歴史を学ぶことで将来を予測することができる。,原点思考,,
35,I belong to a higher level.,私は、私よりも大きな存在の一部である。,運命思考,,
36,I integrate my work with my life.,私は、仕事を自分の人生において重要な意味を持つものとしたい。,信念,,
37,I would be sad if someone does not like me.,私は、人から嫌われると悲しい思いになる。,包含,,
38,I organize. ,私は、整理、系統づけるタイプである。,規律性,,
39,I realize others' point when listening to them and it makes them happy.,私は、相手の話の重要な箇所を指摘し、相手を喜ばせることができる。,個別化,,
40,I am looking for someone philosophical.,私は、哲学的な人を探し求める。,原点思考,,
41,I am willing to make others to be aware of their own values.,私は、相手が価値ある存在であることを感じさせることが楽しい。,個別化,,
42,I solve problems by intuition.,私は、問題を直感的に解決する。,適応性,,
43,I rationally suspect life.,私は、人生に関して健全な懐疑心を持っている。,着想,,
44,My friends ask me to tell a story.,私は、友人に話をしてほしいと頼まれる。,コミュニケーション,,
45,I prefer to get along with whose personality is close to mine.,自分と似た人と一緒にいる方がよい。,最上志向(?),,
46,"I do not need to spend more time in work, just like everyone does.",私は、ほとんどの人と同じペースで仕事ができるが、さらにハードに長時間、仕事をする気はない。,アレンジ,,
47,Anythings about sports storngly attract me.,スポーツなら、何でも興味がある。,収集心,,
48,I am systematical.,私は、非常にきちんとした人間である。,規律性,,
49,I become mature by sharing experience to other.,私は、人と何かを分かち合うことによって、成長する。,共感性,,
50,I excute in accordance with the plan I set.,私は、自分が練った将来計画にそって行動している。,未来志向,,
51,I focused on the goal which can be reached in the future.,私は将来自分が達成できることに焦点を当てている。,達成欲,,
52,I get along with people well after understanding their weaknesses.,人の欠点を理解することで、よい関係を築ける。,親密性,,
53,"I accept everyone, and not to hurt their feelings thus.",私は誰の気持ちも傷つけることがないよう皆を受け入れる。,包含,,
54,I am not conceited. I do not care whether others treat me as a professional and successful man.,信頼できる専門家で成功した人物として認められなければならないほど、私の自我は強くない。,指令性(?),,
55,I would like to comprehend the causes of World War.,世界大戦が起きた理由を理解することは楽しい。,原点思考,,
56,I analyze incidents I encountered in my life.,私は自分の現在の生活において直面する問題に対し分析的である。,分析思考,,
57,I improve by giving full play to my abilities.,私は自分の才能を最大限に活用することにより前進する。,最上志向,,
58,"In my opinion, I plan everythings in advance before excuting.",私にとっては、何事も計画が必要である。,規律性,,
59,I am looking for a variety of ways to solve problems.,私は、物事をするのに様々なやり方を見つける。,着想,,
60,I hate to cry.,泣いている自分は、大嫌いだ。,競争性,,
61,I like relaxing.,私は、のんびりするのが楽しい。,調和性,,
62,Money equals to happiness.,幸せとは、お金である。,目標志向,,
63,I ask for advices of others,私は、人の意見を求める。,調和性,,
64,I am convinced that treat everyone equally. It is essential that make reular rules to people.,私は、すべての人が等しく処遇され、従うべき明確な規則を有することは絶対に不可欠であると考える。,公平性,,
65,I ask experts to find the correct answer,私は、正しい答えを見つける時には、専門家の助けに依存する。,回復志向,,
66,I have always been very generous praise of others.,私は、褒め言葉を惜しまない。,成長促進,,
67,"Unless I am the champion in a competition, I do not satisfy.",私は、競争で一番にならない限りは、完全に満足することはない。,競争性,,
68,I am good at combining various people work together.,私は、全くタイプの異なる人間をどうすれば一緒にうまく仕事がさせられるかを考えるのが得意である。,個別化,,
69,I try not to stay at the comfortable situation.,私は、自分が安全、もしくは、快適と感じられる範囲内にとどまろうとする。,慎重さ,,
70,I can understand the feelings of colleagues.,私には、同僚の感じていることが分かる。,共感性,,
71,"It is not important whether I like someone or not, but how the personality he or she is.",大切なことは、自分がその人を好きか嫌いかではなく、その人がどういう人であるかである。,個別化 ,,
72,I make major decisions depends on intuition.,重要な決定を下すときには、自分の気持ちを信じる。,自己確信,,
73,I react during something happen.,私は、物事が生じるままに対応していく。,適応性,,
74,I love everyone.,私は、誰もが好きである。,包含,,
75,I am dedicated in achieving my goal.,目標が私の強い動機付けになる。,目標志向,,
76,I set goals every weeks.,私は、達成目標を毎週決めている。,目標志向,,
77,I like to deal with instant things.,私は、現在の出来事に対処するのが好きである。,適応性,,
78,I have to force myself to learn,勉強するには自分で自分を強いなければならない。,共感性,,
79,I like almost everythings about children.,私は、小さな子供を扱うことなら何でも好きである。,成長促進,,
80,I like the work which accuracy is required.,私は、正確さを要求される仕事が好きである。,規律性,,
81,I study the causes of others' behavior.,私は、人が何によって動かされるかについて勉強している。,運命思考,,
82,My life is regular,私は、毎日の習慣に従い行動する。,規律性,,
83,I am full of enthusiasm for education,私は、教育に関して熱心である。,成長促進,,
84,I like people to listen to me.,私は、自分の話を聞いてもらうのが好きである。,コミュニケーション,,
85,I am good at telling stories.,私は、物語を語るのがうまい。,コミュニケーション,,
86,I feel satisfied to myself with my improvement in life.,私は、自分の人生における進歩に満足している。,ポジティブ,,
87,I like speaking.,私は、話をするのが好きである。,コミュニケーション,,
88,I am a perfectionist.,私は、完璧主義者である。,最上志向,,
89,I consider dependablely.,私は、現実的なものの考え方をする人間である。,分析思考,,
90,I am looking for who point out my weaknesses straighly.,私は、私自身の弱点を率直に話してくれる人を探し求めている。,回復志向,,
91,I have to take care of myself first.,私はなによりも自分の世話をしなければならない。,自我,,
92,I am sociable,私は、非常に社交的である。,社交性,,
93,I never being out of words.,私は、言葉に詰まることがない。,コミュニケーション,,
94,I am carefree.,私は、屈託のない人間である。,指令性,,
95,I love to learn,私は、勉強が大好きである。,学習欲,,
96,I am a forgetful person,私は、よく物事を忘れる。,着想,,
97,I am good at observing the difference between people.,私は、個々人の違いについて、鋭く観察している。,個別化,,
98,I overcome the weaknesses and compensate for the lack to success.,私は、弱点を克服し、欠点を除去することにより、物事をやり遂げる。,回復志向,,
99,"When encounter dilemma but to complete the mission, I almost do it myself.",困難な状況下で完璧に物事を行わなければならない時、私は自ら進んで成し遂げようとする傾向がある。,活発性,,
100,I am an extrovert.,私は、外向的である。,活発性,,
101,I just want more friends.,できるだけ多くの友人が欲しい。,社交性,,
102,Sometimes twisting the truth is forgiven,時に、真実を曲げることも許される。,自己確信,,
103,I need a few friends but who are sincere.,よく知っている数人の友人が欲しい。,親密性,,
104,I am celebrated for clean.,私は、整理整頓上手で知られている。,規律性,,
105,I am creating me own future.,私は、自分の将来を自分で創造している。,自己確信,,
106,I like to challenge others.,私は、人に挑戦するのが好きである。,競争性,,
107,I am really care about privacy.,私は、自分のことは公にしない人間である。,慎重さ,,
108,I am generous.,私は、寛大である。,共感性,,
109,I am a leader.,私は、リーダーである。,指令性,,
110,I sometimes flatter others,私は、ときどきお世辞を言う。,調和性,,
111,I study for a long time if necessary.,私は、それが必要ならば、いくらでも長く勉強できる。,学習欲,,
112,"I seldom praise, so it is meaningful when I do praise.",私は、褒めすぎたり、評価しすぎないよう気をつけている。だから、私がそうするときは、本当に意義あることがなされたときである。,個別化,,
113,I am willing to learn new things,私は、新しいことを学ぶ用意がある。,学習欲,,
114,There is a goal in my life.,私は、人生の目的を持っている。,目標志向,,
115,I like philosophical discussions.,私は、哲学的な議論をするのが好きである。,原点思考,,
116,I like to be alone.,私は、一人でいるのが好きである。,内省,,
117,I imagine the future.,私は、将来を思い描く。,未来志向,,
118,I can truly realize myself.,私は、自分に関する真実は容易に認めることができる。,分析思考,,
119,I dare to talk about myself.,私は、自分がどういう人間であるかについて話すことを怖れない。,コミュニケーション,,
120,I was tenacious and independent when I was a child.,私は子ども時代、かなり活発で独立精神旺盛であった。,自我,,
121,I like to greet people.,私は、もてなすのが好きである。,社交性,,
122,I hate to be controlled.,私は、コントロールされるのは大嫌いである。,自己確信,,
123,I keep away from dirty people.,私は、整理整頓のできない人間は避ける。,規律性,,
124,I ask someone for help when the situation is not uncertain.,明確な方向性が見えないときは、何が正しいかを知っている人の助言を求めることが多い。,活発性(?),,
125,Aimless person makes me feel impatient.,私は、自分の目標を見出せないでいる人にはいらいらする。,目標志向,,
126,I prefer easy courses.,私は、簡単な課程を選ぶ。,アレンジ,,
127,I hate deadline.,私は、締め切りが嫌いである。,内省,,
128,I encourage others.,私は、人を勇気づける。,ポジティブ,,
129,I trust others too much.,私は、人を信用しすぎる。,親密性,,
130,I am encourged by what I experienced in the past.,過去に起こったでき事が、私をやる気にさせる。,原点思考,,
131,Imminent pressure makes me more focused.,締め切り直前のプレッシャーが、私の集中力を強化する。,規律性,,
132,I think most of people would steal if circumstances is allowed.,もしも状況が許すのであれば、ほとんどの人がものを盗むと思う。,信念,,
133,My greatest desire is to love my work.,仕事にわくわくできることが、私が最も強く望むことである。,学習欲,,
134,I am a reasonable person.,私は、分別のある人間である。,公平性,,
135,I am concerned about this moment.,私の考えとエネルギーの大半は、今現在に振り向けられている。,適応性,,
136,I feel satisfied if I do my best.,最善を尽くした時には、満足を感じる。,戦略性(?),,
137,I am strongly inquisitive.,私は、学びたいという強い欲求を持つ。,学習欲,,
138,I usually think about causation.,私は、因果関係についてよく考える。,原点思考,,
139,I am looking for the reason how I failed.,私は、なぜ失敗したかを明らかにする。,回復志向,,
140,I am not totally satisfied with my life.,私は、人生の中で、不満を感じる部分がある。,公平性,,
141,I persue responsibility.,私は、自分にも相手にも責任を求める。,責任感,,
142,I get along with everyone.,私は、人に合わせることができる。,調和性,,
143,I take 25% of time thinking about the future.,私は、自分の時間の1/4を、将来について考えることに費やしている。,戦略性(?),,
144,I encourage friends to excute and act.,私は、友人をやる気にさせ、行動を起こさせる。,成長促進,,
145,I express dissatisfaction if necessary.,必要なら、苦情を申し出る。,指令性,,
146,I totally work 40-50 hours a week.,日中だけでなく、夕方と週末にする仕事も合わせると、私の通常の勤務時間は一週間あたり40-50時間になる。,アレンジ(?),,
147,I always smile.,私は、気楽な性分である。,ポジティブ,,
148,It is easy for me to excute a new task.,私はにとって、新たな任務に取りかかることは簡単である。,活発性,,
149,I get along with everyone well.,私は、誰とでもうまくつきあえる。,社交性,,
150,I cry easily.,私は、すぐ泣く。,共感性,,
151,I sit on the sidelines of life .,私は、人生を見物している。,未来志向,?,
152,I concentrate my attention on work without getting rest if necessary.,私は、必要なら、一晩中でも仕事に集中することができる。,達成欲,,
153,My achievements are extraordinary.,私は、何事を達成するにもトップである。,競争性,,
154,I am more smarter than others.,私は、人を出し抜くことができる。,自我,,
155,I do many things at the same time with the highest efficiency.,私は、同時に複数の事柄が進行している時、最も良い成果が出せる。,アレンジ,,
156,There was a teacher or coach who really concern about me.,とても私のことを気遣ってくれた先生やコーチがいた。,共感性(?),,
157,I am good at initiating.,私は、物事に先鞭をつける（他に先んじて着手する）のが上手い。,戦略性,,
158,I am good at making everyone to participate event.,私は、何かプロジェクトがあった時、そのために人を募るのがうまい。,社交性,,
159,I often think about numbers.,私は、よく数字のことを考える。,分析思考,,
160,I prefer to discuss thoughts.,私は、知的な議論をより好む。,収集心,,
161,My vocabularies are philosophical.,私が使う言葉は、人に知的刺激を与える。,分析思考,,
162,I use short vocabularies.,私の使う言葉は、簡潔で、わかりやすい。,コミュニケーション,,
163,I can easily put thought into words.,私にとって、自分の考えを言葉することは簡単だ。,コミュニケーション,,
164,I love to read.,私は、読書が大好きである。,学習欲,,
165,My brain works anytime.,私の頭は、つねに働いている。,内省,,
166,I like to listen to others.,私は、講義が好きである。,学習欲,,
167,I like to learn.,私は、勉強するのが好きである。,学習欲,,
168,I strongly desire to know more.,私は、強い知識欲を持っている。,収集心,,
169,I always finish work on time.,私は、いつも締め切りに間に合わせる。,規律性,,
170,New opinions make me excited.,一つの新しいアイディアで、私の一日が充実する。,着想,,
171,I think I come up with most ideas when getting along with others.,グループの中で、他のメンバーよりも私の方が多くのアイディアを持っていることが多いようである。,着想,,
172,I absorb new knowledges continuously.,私は、つねに新しい情報を吸収している。,収集心,,
173,The most important thing is to win.,私にとって、勝利がすべてである。,競争性,,
174,My philosophy of life guides my life.,私の哲学が、私の人生を方向づけてくれる。,信念,,
175,I think alone at least five hours per week.,毎週、少なくとも5時間は、一人になって様々なことを考えている。,内省,,
176,I understand my own strengths more than weaknesses.,私は、自分の短所よりも長所の方をよく知っている。,最上志向,,
177,I do not care about whether other like me.,私は、人が自分を好いているかどうか、全く気にしない。,指令性,,
1,I select the gift which everyone may is fond of.,私は、ほとんどの人が好みそうな物を贈る。,公平性,,
2,I like to get along with someone who knows historical allusions well.,私は、歴史家と交流するのが好きである。,原点思考,,
3,I want people adore me.,私は、人から敬愛されたい。,自我,,
4,I enjoy participating the game.,私は、ゲームに参加するのが好きである。,戦略性,,
5,I execute slowly but effectively.,私の仕事のペースは早くはないが、成果は安定している。,アレンジ,,
6,I ponder on what I should improve.,私は、自分の改善すべき点について考える。,回復志向,,
7,I am a reasonable person.,私は、論理的な人間である。,分析思考,,
8,I accept to various people.,私は、色々なタイプの人間を受け入れる。,包含,,
9,To talk to strangers makes me excited.,初めて知り合った人と、会話を始めるのはわくわくする。,社交性,,
10,I think that I am competent.,私は、能力のある人間であると感じる。,自己確信,,
11,I work on my own.,私は、一人で物事をやり遂げる。,責任感,,
12,I make people feel accomplished.,私は、その人が成功していると実感させることができる。,成長促進,,
13,My ambition guides my way to life.,野心が私の人生の活力となっている。,競争性,,
14,I want to be a leader.,私は、リーダーでありたい。,指令性,,
15,I views things in different opinions.,私は、いろいろな角度から物事を見るのが大好きである。,着想,,
16,I insist on my value.,私は、自分の価値観のために全力を尽くす。,信念,,
17,I hope my family have carefree life.,私は、家族には最高のものを与えたい。,信念,,
18,I spend time considering my future expressly.,私は、将来について計画を立てる時間をあけている。,目標志向,,
19,I make someone calm down.,私は、人を落ち着かせることができる。,運命思考,,
20,I excute after comfirming if I am correct.,私は行動を起こす前に、それが正しいことであるかを確かめる必要がある。,慎重さ,,
21,"I corresponds to the situation, not losing sight of the overall picture of things.",私は、状況に対応し、物事の全体像を見失うことはない。,戦略性,,
22,"In my opinion, COINCIDENCE is just a fluke. ",私にとって、偶然は、まさに「運」や「チャンス」、「まぐれ」など思いがけない出来事である。,運命思考,,
23,I am a good listener.,私は、聞き上手である。,親密性,,
24,I like to be commended.,人に、ほめられたり、表彰されることが好きである。,自我,,
25,I like to work.,私は、仕事をするのが好きである。,達成欲,,
26,"I am innovative and have strategic vision, I understand the issues also the rules.",私は、創造的、戦略的な考え方をする人間であり、自ずと問題やパターンが見えて来る。,戦略性,,
27,I understand all the factors that affect the situation.,私には、状況に影響を及ぼしている全ての要因がわかる。,原点思考,,
28,I connect interpersonal communication.,私は、人と人の間をとりもつのが得意である。,社交性,,
29,I feel insignificant in front of a big shot.,私は、高名なリーダーの前では、怖じ気づいてしまう。,自我,,
30,I am able to love everyone.,私には、どんな人でも愛せる能力がある。,包含,,
31,I bring joy to others.,私は、人を幸せにする。,調和性,,
32,I am more maturer than my colleagues or friends.,私は、同僚や友人に比べ、大人である。,調和性,,
33,I like to arrange things for others.,私は、人のために段取りや下準備をして上げるのが好きである。,収集心,,
34,My future has nothing to do with my past.,私の将来は、過去には依存しないと思う。,未来志向,,
35,I get my feet back on the ground.,私は、現実的な人間である。,分析思考,,
36,I work just for earning my bread.,仕事は、生計を立てるための手段にすぎない。,アレンジ,,
37,I feel guilty when I think I did something wrong.,私が何か間違いを犯したと思ったとき、強い罪悪感を感じる。,責任感,,
38,I analyze. ,私は、分析するタイプである。,分析思考,,
39,"I listen to others, so that they feel that being understood.",私が相手の話によく耳を傾けるため、彼らは理解してもらえたと感じる。,親密性,,
40,I prefer to associate with whom is diligent and successful.,私は、一生懸命に物事を成し遂げていく人とつきあいたい。,最上志向,,
41,I like to make people feel accomplished.,私は、相手が成功していると感じさせるのが楽しい。,成長促進,,
42,I adopt a reliable and accurate information.,私は、十分調査された、正確な情報を用いる。,分析思考,,
43,I believe I link up all human beings in the world.,私は、人類すべての人々とつながりを持っていると信じている。,運命思考,,
44,Friends always ask me for advice.,私は、友人にアドバイスを求められる。,共感性,,
45,I feel uncomfortable if someone is edged out.,取り残されている人がいると、気の毒に思う。,包含,,
46,"I am patient, everyone knows that I spend more time in work than other do.",私は、スタミナがあり、ほとんどの人より、常により多く長く働くことで知られている。,達成欲,,
47,Anythings humanistic strongly attract me.,人間についての考察なら、どんなものにも興味がある。,個別化,,
48,I am very stubborn.,私は、非常に頑固な人間である。,自己確信,,
49,I learn and grow through.,私は、何か学ぶことによって成長する。,学習欲,,
50,I become mature bygo step by step learing.,私は、1日1日の積み重ねにより将来を発見していくと思う。,適応性,,
51,I would imagine how to deal with what might be happened in the future.,私は、将来起こることに、自分がどのように対応するかを想像してみる。,戦略性,,
52,I get along with people well after understanding their goal.,人の目標を知ることで、よい関係を築ける。,目標志向,,
53,I practice restraint in my friendships.,私は、友人は慎重に選んでいる。,慎重さ,,
54,It is important to me to be regarded as reliable and successful person.,信頼できる専門家で成功した人と認められることは、私にとって非常に重要である。,自我,,
55,I like to learn about the world population prospect in 50 years.,50年後の世界人口の構成がどうなっているかを理解することは楽しい。,戦略性,,
56,I have enthusiasm about incidents which inflence me.,私は自分の自制に影響を及ぼすような問題に熱心に取り組む。,回復志向(?),,
57,I improve by overcoming my weakness.,私は自分の弱点を克服することにより前進する。,回復志向,,
58,I like to go with the flow.,私は、状況に応じて行動することを好む。,適応性,,
59,I do things in routine.,私は、物事を行うのに決まったやり方を定める。,公平性,,
60,Tears are a part of my life.,涙は、私の人生に存在する。,個別化,,
61,I like cleaning.,私は、掃除するのが楽しい。,規律性,,
62,Money does not equal to happiness.,幸せはお金ではない。,運命思考(?),,
63,Others ask me for advices.,私は、人から意見を求められる。,着想,,
64,I am convinced that I should understand everyone's characteristics and praise them individually.,私は、一人一人の個性を見出し、それぞれにあった方法で意欲づけることが重要であると信じている。,個別化,,
65,Answer would appear even I do nothing.,私には、自然に回答と重要な点が見えてくる。,戦略性,,
66,I have always been very careful to praise others.,私は、よく見極めた上で褒める。,個別化,,
67,I am satisfied if lead someone in a competition.,私は、競争で、トップグループの中に入れれば満足である。,競争性,,
68,I treat different people equally.,私には、様々なタイプ人間を同時に扱う才能がある。,公平性,,
69,I am an an adventurist.,私は、スリルを追い求めるタイプである。,活発性,,
70,I like to talk with colleagues.,私は、同僚とスケールの大きいアイディアについて話し合うのが楽しい。,着想,,
71,I do not like some people with no reason.,私には、嫌いな人がいる。彼らとは気が合わない。,指令性(?),,
72,I make major decisions depends on sanity.,重要な決定を下すときは、頭で考える。,内省,,
73,I set the priority then take actions.,私は、物事を優先づけてから行動する。,アレンジ,,
74,I want everyone to like me.,私は、皆に好かれたい。,社交性,,
75,I am dedicated in completing my mission.,使命感が私の強い動機付けになる。,運命思考,,
76,My duty depends on demand several elements every day.,私が毎日することは、私以外の外部要因で決められる。,適応性,,
77,I live for the future.,私は、将来のために生きている。,未来志向,,
78,I am able to focus on what I am interested in.,私は、興味ある事柄であれば、それに集中することができる。,収集心(?),,
79,I prefer to deal with adults.,私は、大人とつきあう方を好む。,自我,,
80,I prefer teamwork.,私は、チームメンバーとして働く方を好む。,調和性,,
81,I do self-examination.,私は、自分の内面を見つめる人間である。,内省,,
82,I am ebullient.,私は、生き生きとした人間である。,ポジティブ,,
83,I am full of enthusiasm for justice.,私は、暴力を一掃することについて熱心である。,信念,,
84,I like to listen to what people saying.,私は、人の話を聞くのが好きである。,親密性,,
85,I am a good coach.,私は、良いコーチである。,成長促進,,
86,I am worried about my future.,私は、自分の将来が不安だ。,未来志向,,
87,I like thinking.,私は、考えるのが好きである。,内省,,
88,I can complete all the things.,私は、物語を最後まで成し遂げるタイプである。,達成欲,,
89,My thinking ways are creative and strategic.,私は、創造的、戦略的なものの考え方をする人間である。,戦略性,,
90,I am looking for who appreciate my strengths.,私は、自分の長所を認めてくれる人を選び、付き合う。,最上志向,,
91,I think it is necessary to sacrifice for others.,私は、人のために自分を犠牲にしなければならないと感じる。,信念,,
92,I like to work with friends.,私は、友人と一生懸命仕事をするのが好きである。,包含,,
93,It is difficult to me to talk abou find it difficult for others to talk about myself to others.,私は、自分のことを話すのは苦手である。,慎重さ,,
94,I am a serious person.,私は、まじめな人間である。,責任感,,
95,I love to go outside.,私は、外出するのが大好きである。,活発性,,
96,I used to check repeatedly to ensure that everything in organization.,間違いがないかどうか、必要なだけ確かめるのが私の性格である。,慎重さ,,
97,I treat everyone equally.,私は、皆を平等に扱う。,公平性,,
98,I enfance my ability to success.,私は、自分の才能をのばしていくことにより、物事をやり遂げる。,最上志向,,
99,"When encounter dilemma but to complete the mission, I almost rely on teamwork.",困難な状況下で、完璧に物事を行わなければならない時、私は、自分で全てをやろうとせずに、チームメンバーたちの力を借りようとする。,アレンジ,,
100,I become outgoing if necessary.,私は、必要があれば、外向的になれる。,収集心(?),,
101,"Compare to the amout of friends, I would like sincere friends. ",自分にとって非常に大切な深い関係の友人が欲しい。,親密性,,
102,TellIing a lie should not be forgiven absolutely.,嘘をつくことは、決して許されないことである。,信念,,
103,I always make new friends.,常に新しい友人を作っている。,社交性,,
104,I am celebrated for sense of humor.,私は、ユーモアのセンスがあることで知られている。,ポジティブ,,
105,I study my future.,私は、将来自分に起こり得るであろうことについて勉強する。,学習欲,,
106,I like to encourage others.,私は、人を励ますのが好きである。,ポジティブ,,
107,My life is like an opened book.,私はの人生には何の秘密もない。,指令性,,
108,I am frugal.,私は、倹約家である。,慎重さ,,
109,I am an accomplished person.,私は、高い成果を成し遂げる人間である。,最上志向,,
110,I am righteous.,私は、誠実な人間である。,責任感,,
111,I am a scatterbrain.,私の集中できる時間は非常に短い。,収集心,,
112,I always praise my colleague generously.,私は、仕事を一緒にする人をよく褒めたりねぎらったりする。,ポジティブ,,
113,I am stable.,私は、確固たる価値観を持っている。,信念,,
114,My life is full of joy.,私の人生は、喜びに満ちている。,ポジティブ,,
115,I like meeting which goal was set.,私は、目標を設定するための会議が好きである。,目標志向(?),,
116,I miss my friend.,私は、友人が恋しい。,親密性,,
117,I understand the causes of the current situation.,私は何によって現状がもたらされたかを理解している。,原点思考,,
118,I can not truly realize myself.,私は、自分に正直であるためには努力が必要だ。,調和性,,
119,I am cautious. I seldom talk about private life.,私的な生活について話すことには、慎重になる。,慎重さ,,
120,I got along with others well and did not make trouble when I was a child.,私は、子ども時代、適応性があり、同年代の友人や大人とは問題なくつきあえた。,適応性,,
121,I like to watch sports contest in person.,私は、スピーツの試合やイベント行くのが好きである。,活発性,,
122,I try to avoid emotional emptiness.,私は、虚無感を持つのは避けたい。,着想(?),,
123,I do not get along with dishonest people.,私は、正直でない人間とはつき合わない。,親密性,,
124,I know how to do in many situations.,どのような状況であっても、私には、なすべきことが自然と分かる。,目標志向,,
125,I do not like to get along with nervous person.,私は、リラックスの仕方を知らない人間とは一緒にいたくない。,共感性(?),,
126,I prefer challenging courses.,私は、難しい課程を選ぶ。,回復志向,,
127,Responsibility makes me powerful.,私の責任感が、私をやる気にさせる。,責任感,,
128,I urge others to be strong.,私は、人を強くする。,成長促進,,
129,I am too ambitious.,私は、野心が強すぎる。,目標志向,,
130,I am encourged by what I will experience in the future.,将来達成されうることが、私をやる気にさせる。,達成欲,,
131,I think distinctly when I complete the task to advance.,予定よりも早くやり終えるような時の方が、思考が明確である。,達成欲,,
132,I think people who steal should be punished.,盗みをする人間は、罰せられるべきであると思う。,公平性,,
133,My greatest need is to be accepted.,周囲に受け入れられることが、私にとって最も必要なことである。,自我,,
134,I am a responsible person.,私は、責任感のある人間である。,責任感,,
135,I increase knowledge by considering the past.,私は、過去からできるだけ多くのことを学ぼうとしている。,原点思考,,
136,I determined to be an influential person.,私は、世界に意味ある影響を与えなければという思い駆られている。,信念,,
137,I need people to know and understand me.,私は、自分を知ってもらい、理解してもらう必要がある。,親密性,,
138,I am quick on the uptake.,私は、起こった事に従って対応する。,適応性,,
139,I enjoy the current success.,私は、現在収めている成功を楽しむ。,適応性,,
140,I am satisfied with my life.,私は、自分の人生に満足している。,運命思考,,
141,I strive to be promoted.,私は、昇進のために全力を尽くす。,競争性,,
142,I am ready for any risks.,私は危険を敢えておかす。,活発性,,
143,I take 70% of time thinking about the future.,私は、自分の時間の7割は、将来について考えている。,未来志向,,
144,I make atmosphere harmony to colleagues.,私は、一緒に働く仲間に協調をもたらす。,調和性,,
145,I merely focus on something right.,私は、正しいことにのみ、人の注意を促す。,自己確信,,
146,I totally work over than 60 hours a week.,日中だけでなく、夕方と週末にする仕事も合わせると、私の通常の勤務時間は一週間当たり60時間を上回る。,達成欲,,
147,I am always serious.,私は、まじめである。,責任感,,
148,It is hard for me to finish a task completely.,私にとって、任務を完了させることは難しい。,収集心,,
149,I practice restraint in my friendships.,私は、慎重に友人を選ぶ。,慎重さ,,
150,I am purposeful.,私は、意思強固である。,自己確信,,
151,I want to dominate my life.,私は、自分の人生に起こることは、自らの力でコントロールしたい。,自己確信,,
152,I merely concentrate on work or studying about a hour.,私が仕事や勉強で集中できるのは、せいぜい一時間までである。,アレンジ,,
153,I always create positive results.,私は、一貫して良い成果を挙げている。,アレンジ,,
154,I feel I am nothing when being in front of a lot of people.,多くの人が私を怖じ気づかせる。,慎重さ(?),,
155,I merly concentrate on doing one thing at a time.,一度に一つのことに集中するのが、私のやり方である。,内省,,
156,I do not care about if there is a teacher like me.,先生が私を気に入っていたかどうかは、問題ではない。,自己確信,,
157,I am good at excuting.,私には、物事を成し遂げる能力がある。,達成欲,,
158,I am good at thinking new idea.,私は、新規プロジェクトを考案するのがうまい。,着想,,
159,I often think of good things which have ever seen.,私は、目にした美しいものについてよく考える。,内省,,
160,I prefer to talk about sports.,私は、スポーツについて話をすることをより好む。,戦略性,,
161,I use practical vocabularies.,私の使う言葉は、実用的である。,調和性,,
162,I tend to use more abstract and complex vocabularies.,私は、抽象的で、複雑な言葉を多く使う傾向がある。,運命思考,,
163,I am often out of words when expressing my feeling.,自分の考えを表現する時、「言葉に詰まる」ことがよくある。,内省,,
164,I like pondering the principle of operation.,私は、物事がどのように機能しているのかを欲求するのが好きである。,分析思考,,
165,I need regular activities,私は、体を動かしている必要がある。,活発性(?),,
166,I like to discuss with others.,私は、皆で意見を交換し合うディスカッションが好きである。,指令性,,
167,Detecting regularity from the data makes me excited.,私は、データのパターンを発見するとワクワクする。,分析思考,,
168,I strongly desire to be rich.,私は、金持ちになりたいという強い欲求を持つ。,自我,,
169,I keep my promise.,私は、自分がやるといったことは成し遂げる。,責任感,,
170,Complete my duty makes me excited.,自分に任された任務を完了することによって、私の一日が充実する。,達成欲,,
171,,グループの中で、私がもっとも良く準備をしているようである。,収集心,,
172,I talent to simplify.,私には、複雑なものを簡略化できる才能がある。,アレンジ,,
173,The most important thing is doing things right.,私にとって、物事を正しく行うことこそがすべてである。,公平性,,
174,I control my own destiny.,私は、自分で私の人生を方向づける。,自己確信,,
175,I like to be with others.,私は、人と一緒にいるのが好きである。,包含,,
176,I understand my own weaknesses more than strengths.,私は、自分の長所よりも短所についてよく知っている。,回復志向,,
177,I love people.,私は、人が大好きである。,社交性,,